Drug_Index,Protein_Index,Affinity
0,0,7.366531544420414
0,1,5.0
2,13,8.0
2,63,9.0268721464003
3,60,7.619788758288394
4,60,5.0
5,7,5.769551078621726
6,7,7.638272163982407
6,430,8.229147988357855
7,13,5.0
7,430,5.0
8,63,6.096910013008056
9,13,5.42021640338319
9,35,8.337242168318426